file,ten_van_ban,loai,so_hieu,co_quan,ngay_ban_hanh,ap_dung,tinh_trang,bi_sua_doi_boi,ghi_chu
01.Quyche43.md,,,,,,,,,
05.-QD_trienkhaiTT57_daotaotinchi_DHSG_HK121.md,,,,,,,,,
2022-2375-QyD Chuyen Chuong Trinh Dao Tao DoiVoiSinhVenDHCQ.md,,,,,,,,,
22_quy-dinh-ve-khoi-luong-dao-tao-cua-cac-he-dao-tao-chinh-quy-dao-tao.md,,,,,,,,,
25_quy-che-dao-tao-trinh-do-dai-hoc-tai-truong-dai-hoc-sai-gon.md,,,,,,,,,
2_qui-che-dao-tao-trinh-do-dai-hoc-he-chinh-qui-qui-che-08-nam-2021-ap.md,,,,,,,,,
3_quyet-dinh-so-17-vbhn-bgddt-ngay-15-thang-5-nam-2014-ve-viec-ban-hanh.md,,,,,,,,,
8_QD810QuyDinhVeHocCungLucHaiChuongTrinhDoiVoiSVDHCQ.md,,,,,,,,,
QC_dao-tao-trinh-do-dai-hoc-he-chuan.md,,,,,,,,,
QD 3183.2025 - Sua doi Quy che Dao tao trinh do DH_LienQuanRutMonHoc.md,,,,,,,,,
QuyCheDaoTao_2017.md,,,,,,,,,
Quydinh150tc.md,,,,,,,,,
